Id,Brand,Url
0,acura,https://tomsk.drom.ru/acura/mdx/48988184.html
1,acura,https://elizovo.drom.ru/acura/rdx/29860598.html
2,acura,https://magadan.drom.ru/acura/mdx/48299805.html
3,acura,https://surgut.drom.ru/acura/rdx/47616406.html
4,acura,https://moscow.drom.ru/acura/mdx/44612633.html
5,acura,https://krasnoyarsk.drom.ru/acura/tsx/48976218.html
6,acura,https://moscow.drom.ru/acura/rdx/48635885.html
7,acura,https://novosibirsk.drom.ru/acura/tsx/47714708.html
8,acura,https://togliatti.drom.ru/acura/rdx/45893175.html
9,acura,https://barnaul.drom.ru/acura/rdx/48189137.html
10,acura,https://blagoveshchensk.drom.ru/acura/tsx/47922700.html
11,acura,https://kemerovo.drom.ru/acura/mdx/48626213.html
12,acura,https://krasnodar.drom.ru/acura/mdx/48279359.html
13,acura,https://nakhodka.drom.ru/acura/mdx/48276377.html
14,acura,https://yuzhno-sakhalinsk.drom.ru/acura/mdx/48072097.html
15,acura,https://spb.drom.ru/acura/tl/47598798.html
16,acura,https://novokuznetsk.drom.ru/acura/rdx/47264223.html
17,acura,https://yevpatoriya.drom.ru/acura/rdx/46917976.html
18,acura,https://biysk.drom.ru/acura/mdx/46076345.html
19,acura,https://moscow.drom.ru/acura/mdx/48959978.html
20,acura,https://vladivostok.drom.ru/acura/rdx/48894747.html
21,acura,https://moscow.drom.ru/acura/mdx/45462838.html
22,acura,https://mirniy.drom.ru/acura/rsx/48890641.html
23,acura,https://magadan.drom.ru/acura/mdx/47857635.html
24,acura,https://spb.drom.ru/acura/rdx/47196901.html
25,acura,https://irkutsk.drom.ru/acura/tl/46922987.html
26,acura,https://sevastopol.drom.ru/acura/zdx/47160158.html
27,acura,https://moscow.drom.ru/acura/mdx/47201723.html
28,acura,https://ordynskoe.drom.ru/acura/mdx/47609322.html
29,acura,https://omsk.drom.ru/acura/rdx/48882719.html
30,acura,https://ussuriisk.drom.ru/acura/mdx/48878687.html
31,acura,https://habarovsk.drom.ru/acura/mdx/48878330.html
32,acura,https://rostov-na-donu.drom.ru/acura/rdx/48190115.html
33,acura,https://novosibirsk.drom.ru/acura/mdx/47867173.html
34,acura,https://petropavlovsk-kamchatskiy.drom.ru/acura/rdx/46911502.html
35,acura,https://ekaterinburg.drom.ru/acura/zdx/45479841.html
36,acura,https://krasnodar.drom.ru/acura/rsx/47610553.html
37,acura,https://nadim.drom.ru/acura/mdx/48866789.html
38,acura,https://nizhnevartovsk.drom.ru/acura/mdx/48524682.html
39,acura,https://magadan.drom.ru/acura/mdx/48514831.html
40,acura,https://naberezhnye-chelny.drom.ru/acura/rl/49049638.html
41,acura,https://samara.drom.ru/acura/zdx/49048998.html
42,acura,https://novosibirsk.drom.ru/acura/rdx/48011599.html
43,acura,https://simferopol.drom.ru/acura/mdx/47347534.html
44,acura,https://moscow.drom.ru/acura/mdx/48702195.html
45,acura,https://magadan.drom.ru/acura/rdx/48355637.html
46,acura,https://tyumen.drom.ru/acura/mdx/46278562.html
47,acura,https://irkutsk.drom.ru/acura/mdx/49037596.html
48,acura,https://novosibirsk.drom.ru/acura/mdx/48055947.html
49,acura,https://krasnodar.drom.ru/acura/mdx/48465788.html
50,acura,https://novosibirsk.drom.ru/acura/mdx/48300029.html
51,acura,https://moscow.drom.ru/acura/mdx/48114097.html
52,acura,https://artem.drom.ru/acura/rdx/47378325.html
53,acura,https://ivanovo.drom.ru/acura/mdx/49026894.html
54,acura,https://krutiha.drom.ru/acura/mdx/49026528.html
55,acura,https://vladivostok.drom.ru/acura/mdx/44326554.html
56,acura,https://krasnye-barrikady.drom.ru/acura/mdx/49022463.html
57,acura,https://kamensk-uralskiy.drom.ru/acura/mdx/49020686.html
58,acura,https://kodinsk.drom.ru/acura/mdx/49017527.html
59,acura,https://zima.drom.ru/acura/mdx/48881649.html
60,acura,https://astrahan.drom.ru/acura/tlx/48611060.html
61,acura,https://novosibirsk.drom.ru/acura/rdx/48954812.html
62,acura,https://moscow.drom.ru/acura/rdx/47006298.html
63,acura,https://kaltan.drom.ru/acura/tl/35132166.html
64,acura,https://chelyabinsk.drom.ru/acura/mdx/48945976.html
65,acura,https://kemerovo.drom.ru/acura/mdx/48598394.html
66,acura,https://protvino.drom.ru/acura/mdx/48605272.html
67,acura,https://tomsk.drom.ru/acura/mdx/48598505.html
68,acura,https://bratsk.drom.ru/acura/mdx/48258443.html
69,acura,https://nizhnevartovsk.drom.ru/acura/zdx/47579842.html
70,acura,https://tomsk.drom.ru/acura/mdx/47245885.html
71,acura,https://spb.drom.ru/acura/tsx/46847243.html
72,acura,https://abakan.drom.ru/acura/tsx/48932934.html
73,acura,https://novosibirsk.drom.ru/acura/mdx/48240486.html
74,acura,https://habarovsk.drom.ru/acura/mdx/46082202.html
75,acura,https://surgut.drom.ru/acura/rdx/48241168.html
76,acura,https://perm.drom.ru/acura/mdx/48240746.html
77,acura,https://kazan.drom.ru/acura/mdx/48239987.html
78,acura,https://kyzyl.drom.ru/acura/mdx/48238949.html
79,acura,https://omsk.drom.ru/acura/tl/48236293.html
80,acura,https://matveev-kurgan.drom.ru/acura/mdx/46000525.html
81,acura,https://moscow.drom.ru/acura/rdx/45488362.html
82,acura,https://simferopol.drom.ru/acura/mdx/49013344.html
83,acura,https://barnaul.drom.ru/acura/rdx/49012119.html
84,acura,https://novosibirsk.drom.ru/acura/tsx/49008004.html
85,acura,https://sevastopol.drom.ru/acura/mdx/49005667.html
86,acura,https://stavropol.drom.ru/acura/rdx/47646357.html
87,acura,https://ufa.drom.ru/acura/mdx/47644990.html
88,acura,https://ulyanovsk.drom.ru/acura/mdx/49003868.html
89,acura,https://kirzhach.drom.ru/acura/rdx/49000836.html
90,acura,https://spb.drom.ru/acura/tlx/48693643.html
91,acura,https://barnaul.drom.ru/acura/mdx/49000572.html
92,acura,https://krasnodar.drom.ru/acura/mdx/48997868.html
93,acura,https://timashevsk.drom.ru/acura/mdx/47833813.html
94,acura,https://vladivostok.drom.ru/acura/rl/48305406.html
95,acura,https://irkutsk.drom.ru/acura/mdx/47037523.html
96,acura,https://noviy-urengoy.drom.ru/acura/mdx/48273537.html
97,acura,https://tomsk.drom.ru/acura/rsx/47580593.html
98,acura,https://ekaterinburg.drom.ru/acura/cl/48989080.html
99,acura,https://chita.drom.ru/acura/mdx/47574669.html
100,acura,https://voronezh.drom.ru/acura/tsx/48183507.html
101,acura,https://blagoveshchensk.drom.ru/acura/rl/48174316.html
102,acura,https://moscow.drom.ru/acura/zdx/47833799.html
103,acura,https://tomsk.drom.ru/acura/mdx/47503378.html
104,acura,https://vladivostok.drom.ru/acura/rdx/47500221.html
105,acura,https://novosibirsk.drom.ru/acura/mdx/47109489.html
106,acura,https://norilsk.drom.ru/acura/mdx/46889085.html
107,acura,https://shchelkovo.drom.ru/acura/rdx/48862306.html
108,acura,https://habarovsk.drom.ru/acura/rdx/48006108.html
109,acura,https://cherepanovo.drom.ru/acura/mdx/48513284.html
110,acura,https://novosibirsk.drom.ru/acura/rsx/48846259.html
111,acura,https://novokuznetsk.drom.ru/acura/mdx/48833140.html
112,acura,https://tyumen.drom.ru/acura/tsx/46385177.html
113,acura,https://vladivostok.drom.ru/acura/mdx/48051365.html
114,acura,https://ekaterinburg.drom.ru/acura/mdx/47802144.html
115,acura,https://moscow.drom.ru/acura/rlx/46794680.html
116,acura,https://vladivostok.drom.ru/acura/mdx/47445105.html
117,acura,https://novosibirsk.drom.ru/acura/rdx/48145208.html
118,acura,https://vladivostok.drom.ru/acura/mdx/43484374.html
119,acura,https://spb.drom.ru/acura/rdx/47451325.html
120,acura,https://moscow.drom.ru/acura/mdx/48968459.html
121,acura,https://ekaterinburg.drom.ru/acura/rdx/47797391.html
122,acura,https://bolotnoe.drom.ru/acura/mdx/48318794.html
123,acura,https://bakhchysaray.drom.ru/acura/mdx/48791327.html
124,acura,https://yugorsk.drom.ru/acura/mdx/47706158.html
125,acura,https://irkutsk.drom.ru/acura/rl/48764892.html
126,acura,https://shchelkino.drom.ru/acura/mdx/49162100.html
127,acura,https://omsk.drom.ru/acura/rl/49160948.html
128,acura,https://spb.drom.ru/acura/mdx/49156697.html
129,acura,https://birobidzhan.drom.ru/acura/mdx/48975850.html
130,acura,https://kaluga.drom.ru/acura/mdx/48480917.html
131,acura,https://novosibirsk.drom.ru/acura/mdx/45833051.html
132,acura,https://novosibirsk.drom.ru/acura/rdx/42508552.html
133,acura,https://vladivostok.drom.ru/acura/mdx/46948645.html
134,acura,https://novosibirsk.drom.ru/acura/mdx/48976127.html
135,acura,https://kyzyl.drom.ru/acura/mdx/49145426.html
136,acura,https://mytishchi.drom.ru/acura/mdx/47347838.html
137,acura,https://omsk.drom.ru/acura/mdx/47837123.html
138,acura,https://toguchin.drom.ru/acura/mdx/48447813.html
139,acura,https://spb.drom.ru/acura/rdx/48811618.html
140,acura,https://novosibirsk.drom.ru/acura/mdx/48465552.html
141,acura,https://barnaul.drom.ru/acura/rl/47785153.html
142,acura,https://grozniy.drom.ru/acura/mdx/47312831.html
143,acura,https://omsk.drom.ru/acura/rdx/46117509.html
144,acura,https://armavir.drom.ru/acura/mdx/49141136.html
145,acura,https://plastunovskaya.drom.ru/acura/mdx/49136327.html
146,acura,https://irkutsk.drom.ru/acura/mdx/46425035.html
147,acura,https://omsk.drom.ru/acura/rdx/48921296.html
148,acura,https://moscow.drom.ru/acura/rdx/49106094.html
149,acura,https://krasnoyarsk.drom.ru/acura/mdx/48762276.html
150,acura,https://belovo.drom.ru/acura/rdx/48060660.html
151,acura,https://vladivostok.drom.ru/acura/zdx/47285258.html
152,acura,https://moscow.drom.ru/acura/mdx/49100520.html
153,acura,https://krasnodar.drom.ru/acura/rdx/48771333.html
154,acura,https://sevastopol.drom.ru/acura/rdx/48770741.html
155,acura,https://irkutsk.drom.ru/acura/mdx/48767344.html
156,acura,https://spb.drom.ru/acura/tl/48416695.html
157,acura,https://novosibirsk.drom.ru/acura/mdx/48359291.html
158,acura,https://krasnodar.drom.ru/acura/tl/48075642.html
159,acura,https://irkutsk.drom.ru/acura/mdx/47406911.html
160,acura,https://novokuznetsk.drom.ru/acura/zdx/46711088.html
161,acura,https://feodosiya.drom.ru/acura/mdx/48738358.html
162,acura,https://angarsk.drom.ru/acura/mdx/46029867.html
163,acura,https://moscow.drom.ru/acura/mdx/48411231.html
164,acura,https://yakutsk.drom.ru/acura/mdx/48407024.html
165,acura,https://blagoveshchensk.drom.ru/acura/rdx/48137631.html
166,acura,https://tyumen.drom.ru/acura/mdx/48067543.html
167,acura,https://irkutsk.drom.ru/acura/mdx/49087157.html
168,acura,https://vladivostok.drom.ru/acura/mdx/48812768.html
169,acura,https://rostov-na-donu.drom.ru/acura/mdx/43923171.html
170,acura,https://baykalsk.drom.ru/acura/mdx/45944073.html
171,acura,https://surgut.drom.ru/acura/tl/46955053.html
172,acura,https://vladivostok.drom.ru/acura/rdx/48371372.html
173,acura,https://moscow.drom.ru/acura/ilx/49077938.html
174,acura,https://ekaterinburg.drom.ru/acura/rdx/48395191.html
175,acura,https://chelyabinsk.drom.ru/acura/zdx/47716287.html
176,acura,https://petropavlovsk-kamchatskiy.drom.ru/acura/mdx/45939583.html
177,acura,https://moscow.drom.ru/acura/mdx/49048601.html
178,acura,https://koltsovo.drom.ru/acura/mdx/48723557.html
179,acura,https://novosibirsk.drom.ru/acura/tsx/49070322.html
180,acura,https://yuzhno-sakhalinsk.drom.ru/acura/zdx/49067995.html
181,acura,https://kuybyshev.drom.ru/acura/rdx/48391622.html
182,acura,https://arhangelsk.drom.ru/acura/rdx/48390322.html
183,acura,https://vladivostok.drom.ru/acura/rl/48389230.html
184,acura,https://moscow.drom.ru/acura/mdx/49067541.html
185,acura,https://moscow.drom.ru/acura/rdx/49067148.html
186,acura,https://moscow.drom.ru/acura/mdx/47996936.html
187,acura,https://moscow.drom.ru/acura/mdx/48018713.html
188,acura,https://lyubertsy.drom.ru/acura/mdx/48027167.html
189,acura,https://vladivostok.drom.ru/acura/zdx/48719384.html
190,acura,https://krasnoyarsk.drom.ru/acura/mdx/48729013.html
191,acura,https://arhangelsk.drom.ru/acura/rdx/48724064.html
192,acura,https://irkutsk.drom.ru/acura/mdx/48719558.html
193,acura,https://vladivostok.drom.ru/acura/mdx/48718385.html
194,acura,https://biysk.drom.ru/acura/mdx/48374981.html
195,acura,https://vladivostok.drom.ru/acura/zdx/48371166.html
196,acura,https://moscow.drom.ru/acura/rdx/46353211.html
197,acura,https://ekaterinburg.drom.ru/acura/mdx/45286131.html
198,acura,https://ufa.drom.ru/acura/mdx/46289830.html
199,acura,https://nyagan.drom.ru/acura/rdx/47861432.html
200,acura,https://omsk.drom.ru/acura/rl/49055330.html
201,acura,https://gorno-altaysk.drom.ru/acura/tl/49053241.html
202,acura,https://nizhnevartovsk.drom.ru/acura/tsx/47966022.html
203,acura,https://ekaterinburg.drom.ru/acura/rsx/48715278.html
204,acura,https://yuzhno-sakhalinsk.drom.ru/acura/rdx/48018353.html
205,acura,https://zavyalovo-barnaul.drom.ru/acura/mdx/47685904.html
206,acura,https://omsk.drom.ru/acura/tsx/49113167.html
207,acura,https://moscow.drom.ru/acura/mdx/47771578.html
208,acura,https://krasnoyarsk.drom.ru/acura/mdx/46653341.html
209,acura,https://barnaul.drom.ru/acura/mdx/47876131.html
210,acura,https://salehard.drom.ru/acura/mdx/48547683.html
211,acura,https://barnaul.drom.ru/acura/rdx/45511362.html
212,acura,https://novosibirsk.drom.ru/acura/tsx/48589138.html
213,acura,https://chita.drom.ru/acura/mdx/47425970.html
214,acura,https://samara.drom.ru/acura/mdx/48794454.html
215,acura,https://lyantor.drom.ru/acura/mdx/48790306.html
216,acura,https://novosibirsk.drom.ru/acura/mdx/48789611.html
217,acura,https://moscow.drom.ru/acura/mdx/48785991.html
218,acura,https://bratsk.drom.ru/acura/mdx/48442693.html
219,acura,https://novosibirsk.drom.ru/acura/rdx/48104653.html
220,acura,https://tomsk.drom.ru/acura/mdx/46771439.html
221,acura,https://berdsk.drom.ru/acura/mdx/48162927.html
222,acura,https://novosibirsk.drom.ru/acura/tsx/49114220.html
223,acura,https://yakutsk.drom.ru/acura/mdx/49112215.html
224,acura,https://shchelkovo.drom.ru/acura/mdx/49111441.html
225,acura,https://moscow.drom.ru/acura/mdx/48092881.html
226,acura,https://vladivostok.drom.ru/acura/rdx/47566013.html
227,acura,https://moscow.drom.ru/acura/rdx/48928755.html
228,acura,https://severodvinsk.drom.ru/acura/rdx/46992256.html
229,acura,https://irkutsk.drom.ru/acura/mdx/45187519.html
230,acura,https://chita.drom.ru/acura/mdx/48924892.html
231,acura,https://barnaul.drom.ru/acura/rdx/47719082.html
232,acura,https://krasnoyarsk.drom.ru/acura/rdx/48921336.html
233,acura,https://gorno-altaysk.drom.ru/acura/rdx/48333035.html
234,acura,https://irkutsk.drom.ru/acura/rdx/48364172.html
235,acura,https://tver.drom.ru/acura/rdx/48222918.html
236,acura,https://moscow.drom.ru/acura/rdx/47224245.html
237,acura,https://vladivostok.drom.ru/acura/rdx/48784522.html
238,acura,https://belorechensk.drom.ru/acura/mdx/48567406.html
239,acura,https://novosibirsk.drom.ru/acura/tsx/48563230.html
240,acura,https://zheleznogorsk-krasnoyarsk.drom.ru/acura/mdx/45872996.html
241,acura,https://krasnodar.drom.ru/acura/rdx/39436090.html
242,acura,https://novosibirsk.drom.ru/acura/rdx/47927179.html
243,acura,https://barnaul.drom.ru/acura/rdx/48208747.html
244,acura,https://kyzyl.drom.ru/acura/tsx/47531641.html
245,acura,https://seltso.drom.ru/acura/mdx/46070938.html
